,title,REVISADO (bibtex citation),Google link,Taxonomy,Systematic,Mexico,Second gen.,Third gen.,Chloroplast info,Morphology,First gen.,Nuclear info
10,1) 37 diploid Helianthus species with Phoebanthus tenuifolius as the outgroup 2)Targeted Locus (Loci) 3) Phylogenomics of Helianthus,,https://scholar.google.com/scholar?&q=1%29+37+diploid+Helianthus+species+with+Phoebanthus+tenuifolius+as+the+outgroup+2%29Targeted+Locus+%28Loci%29+3%29+Phylogenomics+of+Helianthus,,Auto,,,,,,,
22,3D genome reorganizations in the evolution and domestication of soybean,,https://scholar.google.com/scholar?&q=3D+genome+reorganizations+in+the+evolution+and+domestication+of+soybean,,Auto,,,,,,,
24,"A New Pipeline for Removing Paralogs in Target Enrichment Data, Phylogenomics and Biogeography of Castanea and Hamamelis - a comparison between RAD-seq and Hyb-Seq data",,https://scholar.google.com/scholar?&q=A+New+Pipeline+for+Removing+Paralogs+in+Target+Enrichment+Data%2C+Phylogenomics+and+Biogeography+of+Castanea+and+Hamamelis+-+a+comparison+between+RAD-seq+and+Hyb-Seq+data,,Auto,,,,,,,
27,A VIEW OF RHYNCHOSPOREAE (CYPERACEAE) DIVERSIFICATION BEFORE AND AFTER THE APPLICATION OF ANCHORED PHYLOGENOMICS ACROSS THE ANGIOSPERMS,,https://scholar.google.com/scholar?&q=A+VIEW+OF+RHYNCHOSPOREAE+%28CYPERACEAE%29+DIVERSIFICATION+BEFORE+AND+AFTER+THE+APPLICATION+OF+ANCHORED+PHYLOGENOMICS+ACROSS+THE+ANGIOSPERMS,,Auto,,,,,,,
28,A backbone phylogeny of the American clade oaks Raw sequence reads,,https://scholar.google.com/scholar?&q=A+backbone+phylogeny+of+the+American+clade+oaks+Raw+sequence+reads,,Auto,,,,,,,
32,A fully resolved backbone phylogeny reveals numerous dispersals and explosive diversifications throughout the history of Asteraceae,,https://scholar.google.com/scholar?&q=A+fully+resolved+backbone+phylogeny+reveals+numerous+dispersals+and+explosive+diversifications+throughout+the+history+of+Asteraceae,,Auto,,,,,,,
38,A photosynthesis operon in the chloroplast genome drives speciation in evening primroses,,https://scholar.google.com/scholar?&q=A+photosynthesis+operon+in+the+chloroplast+genome+drives+speciation+in+evening+primroses,,Auto,,,,Auto,,,
39,A phylogenomic analysis of Nepenthes (Nepenthaceae),,https://scholar.google.com/scholar?&q=A+phylogenomic+analysis+of+Nepenthes+%28Nepenthaceae%29,,Auto,,,,,,,
40,A preliminary study of the Phylogeny of Apioideae (Apiaceae) based on transcriptome data and morphological,,https://scholar.google.com/scholar?&q=A+preliminary+study+of+the+Phylogeny+of+Apioideae+%28Apiaceae%29+based+on+transcriptome+data+and+morphological,,Auto,,,,,Auto,,
41,A protocol for Laser Microdissection (LMD) followed by transcriptome analysis of plant reproductive tissue in phylogenetically distant angiosperms,,https://scholar.google.com/scholar?&q=A+protocol+for+Laser+Microdissection+%28LMD%29+followed+by+transcriptome+analysis+of+plant+reproductive+tissue+in+phylogenetically+distant+angiosperms,,Auto,,,,,,,
42,A single gene underlies the dynamic evolution of poplar sex determination,,https://scholar.google.com/scholar?&q=A+single+gene+underlies+the+dynamic+evolution+of+poplar+sex+determination,,Auto,,,,,,,
43,A workflow for identification of plant speciation genes,,https://scholar.google.com/scholar?&q=A+workflow+for+identification+of+plant+speciation+genes,,Auto,,,,,,,
51,Adaptive response to complex desert stress environments in two ecotypes of Phragmites communis with contrasting water availability,,https://scholar.google.com/scholar?&q=Adaptive+response+to+complex+desert+stress+environments+in+two+ecotypes+of+Phragmites+communis+with+contrasting+water+availability,,Auto,,,,,,,
102,"Anchored Phylogenomics of Cariceae-Dulichieae-Scirpeae (CDS) clade, Cyperoideae, Cyperaceae",,https://scholar.google.com/scholar?&q=Anchored+Phylogenomics+of+Cariceae-Dulichieae-Scirpeae+%28CDS%29+clade%2C+Cyperoideae%2C+Cyperaceae,,Auto,,,,,,,
109,Angiosperm mitochondrial phylogenomics,,https://scholar.google.com/scholar?&q=Angiosperm+mitochondrial+phylogenomics,,Auto,,,,,,,
127,Asclepias Sonoran Desert Clade,,https://scholar.google.com/scholar?&q=Asclepias+Sonoran+Desert+Clade,,Auto,,,,,,,
131,"Assessment of Genetic Diversity and Systematics of the genus Physalis L. (Solanaceae) in India, using PCR based methods",,https://scholar.google.com/scholar?&q=Assessment+of+Genetic+Diversity+and+Systematics+of+the+genus+Physalis+L.+%28Solanaceae%29+in+India%2C+using+PCR+based+methods,,Auto,,,,,,,
134,Asterid phylogenomics/phylotranscriptomics uncover morphological evolutionary histories and phylogenetic placement for numerous whole genome duplications,,https://scholar.google.com/scholar?&q=Asterid+phylogenomics%2Fphylotranscriptomics+uncover+morphological+evolutionary+histories+and+phylogenetic+placement+for+numerous+whole+genome+duplications,,Auto,,,,,Auto,,
148,Basal lamiid phylogeny based on plastid genomes,,https://scholar.google.com/scholar?&q=Basal+lamiid+phylogeny+based+on+plastid+genomes,,Auto,,,,,,,
150,Biogeography of the genus Stellaria,,https://scholar.google.com/scholar?&q=Biogeography+of+the+genus+Stellaria,,Auto,,,,,,,
157,Bouteloua gracilis Phylogeny,,https://scholar.google.com/scholar?&q=Bouteloua+gracilis+Phylogeny,,Auto,,,,,,,
177,Brassicaceae phylogenomics,,https://scholar.google.com/scholar?&q=Brassicaceae+phylogenomics,,Auto,,,,,,,
185,California Scrub Oak Phylogeny and Introgression,,https://scholar.google.com/scholar?&q=California+Scrub+Oak+Phylogeny+and+Introgression,,Auto,,,,,,,
188,Can asexuality confer a short term advantage? Investigating apparent biogeographic success in the apomictic triploid fern Myriopteris gracilis,,https://scholar.google.com/scholar?&q=Can+asexuality+confer+a+short+term+advantage%3F+Investigating+apparent+biogeographic+success+in+the+apomictic+triploid+fern+Myriopteris+gracilis,,Auto,,,,,,,
230,Chloroplast Phylogenomics of Amaranthus,,https://scholar.google.com/scholar?&q=Chloroplast+Phylogenomics+of+Amaranthus,,Auto,,,,Auto,,,
235,Chloroplast phylogenomics and character evolution of eastern Asian Astragalus (Leguminosae),,https://scholar.google.com/scholar?&q=Chloroplast+phylogenomics+and+character+evolution+of+eastern+Asian+Astragalus+%28Leguminosae%29,,Auto,,,,Auto,,,
237,Chromosome evolution in ancient gymnosperm species,,https://scholar.google.com/scholar?&q=Chromosome+evolution+in+ancient+gymnosperm+species,,Auto,,,,,,,
238,Chromosome evolution in invasive Spartina plants,,https://scholar.google.com/scholar?&q=Chromosome+evolution+in+invasive+Spartina+plants,,Auto,,,,,,,
242,Circum-Mediterranean firs evolution,,https://scholar.google.com/scholar?&q=Circum-Mediterranean+firs+evolution,,Auto,,,,,,,
250,Combination of Sanger and target-enrichment markers resolves phylogenetic relationships and supports generic delimitation in the problematic 'Urera clade' of the nettle family (Urticaceae),,https://scholar.google.com/scholar?&q=Combination+of+Sanger+and+target-enrichment+markers+resolves+phylogenetic+relationships+and+supports+generic+delimitation+in+the+problematic+%27Urera+clade%27+of+the+nettle+family+%28Urticaceae%29,Auto,Auto,,,,,,Auto,
255,Comparative Transcriptome Analysis Reveals Molecular Evolution in the Carnivorous Utricularia,,https://scholar.google.com/scholar?&q=Comparative+Transcriptome+Analysis+Reveals+Molecular+Evolution+in+the+Carnivorous+Utricularia,,Auto,,,,,,,
295,"Correlations among oligonucleotide repeats, nucleotide substitutions and insertion and deletion mutations in chloroplast genomes of plant family Malvaceae",,https://scholar.google.com/scholar?&q=Correlations+among+oligonucleotide+repeats%2C+nucleotide+substitutions+and+insertion+and+deletion+mutations+in+chloroplast+genomes+of+plant+family+Malvaceae,,Auto,,,,Auto,,,
318,Cylindropuntieae phylogenomics,,https://scholar.google.com/scholar?&q=Cylindropuntieae+phylogenomics,,Auto,,,,,,,
406,EVOLUTIONARY DYNAMICS OF TRANSPOSABLE ELEMENTS FOLLOWING A SHARED POLYPLOIDIZATION EVENT IN THE TRIBE ANDROPOGONEAE,,https://scholar.google.com/scholar?&q=EVOLUTIONARY+DYNAMICS+OF+TRANSPOSABLE+ELEMENTS+FOLLOWING+A+SHARED+POLYPLOIDIZATION+EVENT+IN+THE+TRIBE+ANDROPOGONEAE,,Auto,,,,,,,
464,Erythroxylaceae phylogenomics and phylogeography,,https://scholar.google.com/scholar?&q=Erythroxylaceae+phylogenomics+and+phylogeography,,Auto,,,,,,,
474,Evolution of Heteropogon and Themeda,,https://scholar.google.com/scholar?&q=Evolution+of+Heteropogon+and+Themeda,,Auto,,,,,,,
475,Evolution of Portulacineae marked by gene tree conflict and gene family exmpasion associated with adaptation to harsh environments,,https://scholar.google.com/scholar?&q=Evolution+of+Portulacineae+marked+by+gene+tree+conflict+and+gene+family+exmpasion+associated+with+adaptation+to+harsh+environments,,Auto,,,,,,,
476,Evolution of genomes in the genus Rosa,,https://scholar.google.com/scholar?&q=Evolution+of+genomes+in+the+genus+Rosa,,Auto,,,,,,,
477,Evolution of the herbivore associated elicitor induced early defence signalling networks in Nicotiana,,https://scholar.google.com/scholar?&q=Evolution+of+the+herbivore+associated+elicitor+induced+early+defence+signalling+networks+in+Nicotiana,,Auto,,,,,,,
478,"Evolution on the backbone: Apocynaceae phylogenomics and new perspectives on growth forms, flowers, and fruits",,https://scholar.google.com/scholar?&q=Evolution+on+the+backbone%3A+Apocynaceae+phylogenomics+and+new+perspectives+on+growth+forms%2C+flowers%2C+and+fruits,,Auto,,,,,,,
479,Evolutionary and population genomics of the Cucurbita genus in Mexico,,https://scholar.google.com/scholar?&q=Evolutionary+and+population+genomics+of+the+Cucurbita+genus+in+Mexico,,Auto,Auto,,,,,,
480,Evolutionary dynamics of chloroplast genomes in subfamily Aroideae (Araceae),,https://scholar.google.com/scholar?&q=Evolutionary+dynamics+of+chloroplast+genomes+in+subfamily+Aroideae+%28Araceae%29,,Auto,,,,Auto,,,
481,Evolutionary dynamics of mutational hotspots in subfamily Monsteriodeae (Araceae),,https://scholar.google.com/scholar?&q=Evolutionary+dynamics+of+mutational+hotspots+in+subfamily+Monsteriodeae+%28Araceae%29,,Auto,,,,,,,
482,Evolutionary insights of Bean common mosaic necrosis virus and Cowpea aphid-borne mosaic virus from the western highlands of Kenya,,https://scholar.google.com/scholar?&q=Evolutionary+insights+of+Bean+common+mosaic+necrosis+virus+and+Cowpea+aphid-borne+mosaic+virus+from+the+western+highlands+of+Kenya,,Auto,,,,,,,
483,Evolutionary network genomics of wood formation in a phylogenetic survey of angiosperm forest trees,,https://scholar.google.com/scholar?&q=Evolutionary+network+genomics+of+wood+formation+in+a+phylogenetic+survey+of+angiosperm+forest+trees,,Auto,,,,,,,
513,From Acorus to Zingiber - Assembling the Phylogeny of the Monocots,,https://scholar.google.com/scholar?&q=From+Acorus+to+Zingiber+-+Assembling+the+Phylogeny+of+the+Monocots,,Auto,,,,,,,
570,Generating a phylogenetic hypothesis for Inga using targeted enrichment data,,https://scholar.google.com/scholar?&q=Generating+a+phylogenetic+hypothesis+for+Inga+using+targeted+enrichment+data,,Auto,,,,,,,
582,Genome assembly and re-sequencing of Diplacus aurantiacus species complex,,https://scholar.google.com/scholar?&q=Genome+assembly+and+re-sequencing+of+Diplacus+aurantiacus+species+complex,,Auto,,,,,,,
583,Genome diversity of tuber bearing Solanum uncovers complex evolutionary history and targets of domestication in the cultivated potato,,https://scholar.google.com/scholar?&q=Genome+diversity+of+tuber+bearing+Solanum+uncovers+complex+evolutionary+history+and+targets+of+domestication+in+the+cultivated+potato,,Auto,,,,,,Auto,Auto
622,Genomic analyses overturn two long-standing homoploid hybrid speciation hypotheses,,https://scholar.google.com/scholar?&q=Genomic+analyses+overturn+two+long-standing+homoploid+hybrid+speciation+hypotheses,,Auto,,,,,,,
624,Genomic short read sequencing for unravelling a timeline for Tillandsia evolution,,https://scholar.google.com/scholar?&q=Genomic+short+read+sequencing+for+unravelling+a+timeline+for+Tillandsia+evolution,,Auto,,,,,,,
625,Genomic signatures of the evolution of defence against its natural enemies in the poisonous and medicinal plant Datura stramonium (Solanaceae),,https://scholar.google.com/scholar?&q=Genomic+signatures+of+the+evolution+of+defence+against+its+natural+enemies+in+the+poisonous+and+medicinal+plant+Datura+stramonium+%28Solanaceae%29,,Auto,,,,,,,
630,"Genotyping-by-sequencing and ecological niche modeling illuminate phylogeography, admixture, and Pleistocene range dynamics in quaking aspen (Populus tremuloides)",,https://scholar.google.com/scholar?&q=Genotyping-by-sequencing+and+ecological+niche+modeling+illuminate+phylogeography%2C+admixture%2C+and+Pleistocene+range+dynamics+in+quaking+aspen+%28Populus+tremuloides%29,,Auto,,Auto,,,,,
678,High-throughput sequencing data clarify evolutionary relationships among North American Vitis species and improve identification in USDA Vitis germplasm collections,,https://scholar.google.com/scholar?&q=High-throughput+sequencing+data+clarify+evolutionary+relationships+among+North+American+Vitis+species+and+improve+identification+in+USDA+Vitis+germplasm+collections,,Auto,,,,,,,
681,Horizontal Transfer Of DNA From The Mitochondrial To The Plastid Genome And Its Subsequent Evolution In Milkweeds (Apocynaceae),,https://scholar.google.com/scholar?&q=Horizontal+Transfer+Of+DNA+From+The+Mitochondrial+To+The+Plastid+Genome+And+Its+Subsequent+Evolution+In+Milkweeds+%28Apocynaceae%29,,Auto,,,,,,,
685,Hyb-Seq: Combining target enrichment and genome skimming for plant phylogenomics,,https://scholar.google.com/scholar?&q=Hyb-Seq%3A+Combining+target+enrichment+and+genome+skimming+for+plant+phylogenomics,,Auto,,,,,,,
686,Hybrid capture phylogenomics of the mimosoid clade (Leguminosae),,https://scholar.google.com/scholar?&q=Hybrid+capture+phylogenomics+of+the+mimosoid+clade+%28Leguminosae%29,,Auto,,,,,,,
689,Hybseq reveal relationships within the grape family (Vitacea),,https://scholar.google.com/scholar?&q=Hybseq+reveal+relationships+within+the+grape+family+%28Vitacea%29,,Auto,,Auto,,,,,
725,International Consortium on Evolution of Root Nodule Symbiosis,,https://scholar.google.com/scholar?&q=International+Consortium+on+Evolution+of+Root+Nodule+Symbiosis,,Auto,,,,,,,
726,Interspecific plastome recombination in Picea (Pinaceae) reveals ancient reticulate evolution,,https://scholar.google.com/scholar?&q=Interspecific+plastome+recombination+in+Picea+%28Pinaceae%29+reveals+ancient+reticulate+evolution,,Auto,,,,,,,
760,Jaltomata Phylogenomics,,https://scholar.google.com/scholar?&q=Jaltomata+Phylogenomics,,Auto,,,,,,,
769,Joint phylogenetic estimation of geographic movements and biome shifts during the global diversification of Viburnum,,https://scholar.google.com/scholar?&q=Joint+phylogenetic+estimation+of+geographic+movements+and+biome+shifts+during+the+global+diversification+of+Viburnum,,Auto,,,,,,,
782,Legume phylogenomics,,https://scholar.google.com/scholar?&q=Legume+phylogenomics,,Auto,,,,,,,
801,"Louteridium (Acanthaceae: Acanthoideae: Ruellieae: Trichantherinae): Taxonomy, Phylogeny, Reproductive Biology, and Conservation",,https://scholar.google.com/scholar?&q=Louteridium+%28Acanthaceae%3A+Acanthoideae%3A+Ruellieae%3A+Trichantherinae%29%3A+Taxonomy%2C+Phylogeny%2C+Reproductive+Biology%2C+and+Conservation,Auto,Auto,,,,,,,
851,Methylation variation promotes phenotypic diversity and evolutionary potential in a millenium-old clonal seagrass meadow,,https://scholar.google.com/scholar?&q=Methylation+variation+promotes+phenotypic+diversity+and+evolutionary+potential+in+a+millenium-old+clonal+seagrass+meadow,,Auto,,,,,,,
864,Mimulus aurantiacus species complex raw sequence reads,,https://scholar.google.com/scholar?&q=Mimulus+aurantiacus+species+complex+raw+sequence+reads,,Auto,,,,,,,
880,"Mixo-Orc : Comparison of the plastid genome evolution between autotrophic, mixotrophic and mycoheterotrophic species in a narrow phylogenetic frame in the orchid tribe Neottieae.",,https://scholar.google.com/scholar?&q=Mixo-Orc+%3A+Comparison+of+the+plastid+genome+evolution+between+autotrophic%2C+mixotrophic+and+mycoheterotrophic+species+in+a+narrow+phylogenetic+frame+in+the+orchid+tribe+Neottieae.,,Auto,,,,,,,
897,Museomics unveil the phylogeny and biogeography of the neglected Juan Fernandez archipelago Megalachne and Podophorus endemic grasses and their connection with relict Pampean-Ventanian fescues,,https://scholar.google.com/scholar?&q=Museomics+unveil+the+phylogeny+and+biogeography+of+the+neglected+Juan+Fernandez+archipelago+Megalachne+and+Podophorus+endemic+grasses+and+their+connection+with+relict+Pampean-Ventanian+fescues,,Auto,,,,,,,
907,Natural selection and repeated patterns of molecular evolution following allopatric divergence,,https://scholar.google.com/scholar?&q=Natural+selection+and+repeated+patterns+of+molecular+evolution+following+allopatric+divergence,,Auto,,,,,,,
931,Nuclear phylogenomics of Dioscorea yams,,https://scholar.google.com/scholar?&q=Nuclear+phylogenomics+of+Dioscorea+yams,,Auto,,,,,,,Auto
942,Organellar phylogenomics of Pandanales,,https://scholar.google.com/scholar?&q=Organellar+phylogenomics+of+Pandanales,,Auto,,,,,,,
947,PHY-ROSE : Phylogenomics of the genus Rosa - polyploidy and hybridization as diversification forces,,https://scholar.google.com/scholar?&q=PHY-ROSE+%3A+Phylogenomics+of+the+genus+Rosa+-+polyploidy+and+hybridization+as+diversification+forces,,Auto,,,,,,,
1092,Parallel speciation with gene flow: snapshots from Amazonia,,https://scholar.google.com/scholar?&q=Parallel+speciation+with+gene+flow%3A+snapshots+from+Amazonia,,Auto,,,,,,,
1100,Penstemon MSG sequences for phylogenomic analysis,,https://scholar.google.com/scholar?&q=Penstemon+MSG+sequences+for+phylogenomic+analysis,,Auto,,,,,,,
1101,Penstemon MSG sequences for phylogenomic analysis - set 2,,https://scholar.google.com/scholar?&q=Penstemon+MSG+sequences+for+phylogenomic+analysis+-+set+2,,Auto,,,,,,,
1161,Phylogenetic Framework of the Plant Family Acanthaceae,,https://scholar.google.com/scholar?&q=Phylogenetic+Framework+of+the+Plant+Family+Acanthaceae,,Auto,,,,,,,
1162,Phylogenetic Relationships Within and Delimitation of the Cosmopolitan Flowering Plant Genus Stellaria L. (Caryophyllaceae): Core Stars and Fallen Stars,,https://scholar.google.com/scholar?&q=Phylogenetic+Relationships+Within+and+Delimitation+of+the+Cosmopolitan+Flowering+Plant+Genus+Stellaria+L.+%28Caryophyllaceae%29%3A+Core+Stars+and+Fallen+Stars,Auto,Auto,,,,,,,
1163,Phylogenetic analysis of Fragaria species,,https://scholar.google.com/scholar?&q=Phylogenetic+analysis+of+Fragaria+species,,Auto,,,,,,,
1164,"Phylogenetic signal detection from an ancient rapid radiation: Effects of noise reduction, long- branch attraction, and model selection in crown clade Apocynaceae",,https://scholar.google.com/scholar?&q=Phylogenetic+signal+detection+from+an+ancient+rapid+radiation%3A+Effects+of+noise+reduction%2C+long-+branch+attraction%2C+and+model+selection+in+crown+clade+Apocynaceae,,Auto,,,,,,,
1165,Phylogenetic signatures of ecological divergence and leapfrog adaptive radiation in Espeletia,,https://scholar.google.com/scholar?&q=Phylogenetic+signatures+of+ecological+divergence+and+leapfrog+adaptive+radiation+in+Espeletia,,Auto,,,,,,,
1166,Phylogenetic study of Peperomia (Piperaceae) of the Pacific,,https://scholar.google.com/scholar?&q=Phylogenetic+study+of+Peperomia+%28Piperaceae%29+of+the+Pacific,,Auto,,,,,,,
1167,"Phylogenetics and comparative plastome genomics of two of the largest genera of angiosperms, Piper and Peperomia (Piperaceae)",,https://scholar.google.com/scholar?&q=Phylogenetics+and+comparative+plastome+genomics+of+two+of+the+largest+genera+of+angiosperms%2C+Piper+and+Peperomia+%28Piperaceae%29,,Auto,,,,,,,
1168,Phylogenomic analyses of gene flow between species of Achimenes (Gesneriaceae),,https://scholar.google.com/scholar?&q=Phylogenomic+analyses+of+gene+flow+between+species+of+Achimenes+%28Gesneriaceae%29,,Auto,,,,,,,
1169,Phylogenomic relationship of sweet potato viruses from the western highlands of Kenya,,https://scholar.google.com/scholar?&q=Phylogenomic+relationship+of+sweet+potato+viruses+from+the+western+highlands+of+Kenya,,Auto,,,,,,,
1170,Phylogenomics of  Populus,,https://scholar.google.com/scholar?&q=Phylogenomics+of++Populus,,Auto,,,,,,,
1171,Phylogenomics of Artocarpus and select Moraceae from HybSeq (hybridization-based target enrichment) data. Raw sequence reads,,https://scholar.google.com/scholar?&q=Phylogenomics+of+Artocarpus+and+select+Moraceae+from+HybSeq+%28hybridization-based+target+enrichment%29+data.+Raw+sequence+reads,,Auto,,Auto,,,,,
1172,"Phylogenomics of Epidendrum (Orchidaceae, Asparagales)",,https://scholar.google.com/scholar?&q=Phylogenomics+of+Epidendrum+%28Orchidaceae%2C+Asparagales%29,,Auto,,,,,,,
1173,Phylogenomics of Gesneriaceae using targeted capture of nuclear genes,,https://scholar.google.com/scholar?&q=Phylogenomics+of+Gesneriaceae+using+targeted+capture+of+nuclear+genes,,Auto,,,,,,,Auto
1174,Phylogenomics of Icacinaceae,,https://scholar.google.com/scholar?&q=Phylogenomics+of+Icacinaceae,,Auto,,,,,,,
1175,Phylogenomics of Neotropical Costaceae Nakai,,https://scholar.google.com/scholar?&q=Phylogenomics+of+Neotropical+Costaceae+Nakai,,Auto,,,,,,,
1176,Phylogenomics of Nepenthes,,https://scholar.google.com/scholar?&q=Phylogenomics+of+Nepenthes,,Auto,,,,,,,
1177,Phylogenomics of Ochnaceae,,https://scholar.google.com/scholar?&q=Phylogenomics+of+Ochnaceae,,Auto,,,,,,,
1178,Phylogenomics of Oleeae using low-depth sequencing,,https://scholar.google.com/scholar?&q=Phylogenomics+of+Oleeae+using+low-depth+sequencing,,Auto,,,,,,,
1179,Phylogenomics of Vernonieae,,https://scholar.google.com/scholar?&q=Phylogenomics+of+Vernonieae,,Auto,,,,,,,
1180,Phylogenomics of the Andean tetraploid clade of the American Amaryllidaceae (subfamily Amaryllidioideae),,https://scholar.google.com/scholar?&q=Phylogenomics+of+the+Andean+tetraploid+clade+of+the+American+Amaryllidaceae+%28subfamily+Amaryllidioideae%29,,Auto,,,,,,,
1181,Phylogenomics of the rock daisy tribe (Perityleae; Asteraceae) provides new insights into morphological and chromosome evolution,,https://scholar.google.com/scholar?&q=Phylogenomics+of+the+rock+daisy+tribe+%28Perityleae%3B+Asteraceae%29+provides+new+insights+into+morphological+and+chromosome+evolution,,Auto,,,,,Auto,,
1182,Phylogenomics using low-depth whole genome sequencing: a case study with the olive tribe,,https://scholar.google.com/scholar?&q=Phylogenomics+using+low-depth+whole+genome+sequencing%3A+a+case+study+with+the+olive+tribe,,Auto,,,,,,,
1183,"Phylogenomics, biogeography, and adaptive radiation of grapes",,https://scholar.google.com/scholar?&q=Phylogenomics%2C+biogeography%2C+and+adaptive+radiation+of+grapes,,Auto,,,,,,,
1184,Phylogeny and Introgression Among Three Western North American Bilberries (V. sect. Myrtillus),,https://scholar.google.com/scholar?&q=Phylogeny+and+Introgression+Among+Three+Western+North+American+Bilberries+%28V.+sect.+Myrtillus%29,,Auto,,,,,,,
1185,Phylogeny and photosynthesis of the grass tribe Paniceae,,https://scholar.google.com/scholar?&q=Phylogeny+and+photosynthesis+of+the+grass+tribe+Paniceae,,Auto,,,,,,,
1186,Phylogeny of Crataegus (Rosaceae) based on 257 nuclear loci and chloroplast genomes: evaluating the impact of hybridization,,https://scholar.google.com/scholar?&q=Phylogeny+of+Crataegus+%28Rosaceae%29+based+on+257+nuclear+loci+and+chloroplast+genomes%3A+evaluating+the+impact+of+hybridization,,Auto,,,,Auto,,,Auto
1187,Phylogeny of Cucurbitaceae,,https://scholar.google.com/scholar?&q=Phylogeny+of+Cucurbitaceae,,Auto,,,,,,,
1188,Phylogeny of Elms,,https://scholar.google.com/scholar?&q=Phylogeny+of+Elms,,Auto,,,,,,,
1189,Phylogeny of multiple species of the genus Solanum (Solanaceae). Raw sequence reads,,https://scholar.google.com/scholar?&q=Phylogeny+of+multiple+species+of+the+genus+Solanum+%28Solanaceae%29.+Raw+sequence+reads,,Auto,,,,,,,
1190,"Phylogeny, evolution, and biogeographic history of CalandriniaÂ (Montiaceae)",,https://scholar.google.com/scholar?&q=Phylogeny%2C+evolution%2C+and+biogeographic+history+of+Calandrinia%C2%A0%28Montiaceae%29,,Auto,,,,,,,
1191,Phylogeography of wild and cultivated sunflower (Helianthus annuus L.),,https://scholar.google.com/scholar?&q=Phylogeography+of+wild+and+cultivated+sunflower+%28Helianthus+annuus+L.%29,,Auto,,,,,,,
1215,Pinus subsection Ponderosae phylogeny using low copy nuclear genes,,https://scholar.google.com/scholar?&q=Pinus+subsection+Ponderosae+phylogeny+using+low+copy+nuclear+genes,,Auto,,,,,,,Auto
1237,Plastome evolution in Aphyllon,,https://scholar.google.com/scholar?&q=Plastome+evolution+in+Aphyllon,,Auto,,,,,,,
1244,Polystachya biogeography using Next-Generation Sequencing,,https://scholar.google.com/scholar?&q=Polystachya+biogeography+using+Next-Generation+Sequencing,,Auto,,,,,,,
3341,Quantifying cophylogenetic processes in Neotropical figs and pollinating wasps,,https://scholar.google.com/scholar?&q=Quantifying+cophylogenetic+processes+in+Neotropical+figs+and+pollinating+wasps,,Auto,,,,,,,
3363,RNA-Seq Based Reconstruction of the Phylogenetic Tree of the Genus Flaveria (Asteraceae),,https://scholar.google.com/scholar?&q=RNA-Seq+Based+Reconstruction+of+the+Phylogenetic+Tree+of+the+Genus+Flaveria+%28Asteraceae%29,,Auto,,,,,,,
3389,RNA-seq of two species of Cleome provides insight into the evolution of C4 photosynthesis,,https://scholar.google.com/scholar?&q=RNA-seq+of+two+species+of+Cleome+provides+insight+into+the+evolution+of+C4+photosynthesis,,Auto,,,,,,,
3408,Range-wide sampling of Castilleja sessiliflora and the C. purpurea species complex: target capture sequence reads,,https://scholar.google.com/scholar?&q=Range-wide+sampling+of+Castilleja+sessiliflora+and+the+C.+purpurea+species+complex%3A+target+capture+sequence+reads,,Auto,,,,,,,
3430,Relationship between growth and gene expression in papaya treated with freeze-thaw awakening method,,https://scholar.google.com/scholar?&q=Relationship+between+growth+and+gene+expression+in+papaya+treated+with+freeze-thaw+awakening+method,,Auto,,,,,,,
3431,Relationships in the grape family (Vitaceae) based on sequences of chloroplast genomes and mitochondrial genes via genome skimming,,https://scholar.google.com/scholar?&q=Relationships+in+the+grape+family+%28Vitaceae%29+based+on+sequences+of+chloroplast+genomes+and+mitochondrial+genes+via+genome+skimming,,Auto,,,,Auto,,,
3436,Repeated parallel losses of inflexed stamens in Moraceae: phylogenomics and generic revision of the tribe Moreae and the reinstatement of the tribe Olmedieae (Moraceae),,https://scholar.google.com/scholar?&q=Repeated+parallel+losses+of+inflexed+stamens+in+Moraceae%3A+phylogenomics+and+generic+revision+of+the+tribe+Moreae+and+the+reinstatement+of+the+tribe+Olmedieae+%28Moraceae%29,,Auto,,,,,,,
3439,Repetitive DNA evolution in plant genus Melampodium,,https://scholar.google.com/scholar?&q=Repetitive+DNA+evolution+in+plant+genus+Melampodium,,Auto,,,,,,,
3445,Resolving relationships in an exceedingly young Neotropical orchid lineage using Genotyping-by-sequencing data,,https://scholar.google.com/scholar?&q=Resolving+relationships+in+an+exceedingly+young+Neotropical+orchid+lineage+using+Genotyping-by-sequencing+data,,Auto,,,,,,,
3446,Resolving the Phylogeny of North American Milkweeds through the Application of Massively Parallel Sequencing Technology,,https://scholar.google.com/scholar?&q=Resolving+the+Phylogeny+of+North+American+Milkweeds+through+the+Application+of+Massively+Parallel+Sequencing+Technology,,Auto,,,,,,,
3592,Study of eurasian Urtica complex,,https://scholar.google.com/scholar?&q=Study+of+eurasian+Urtica+complex,,Auto,,,,,,,
3604,Successive Evolutionary Steps Drove Pooideae Grasses from Tropical to Temperate Regions,,https://scholar.google.com/scholar?&q=Successive+Evolutionary+Steps+Drove+Pooideae+Grasses+from+Tropical+to+Temperate+Regions,,Auto,,,,,,,
3614,Systematics of Carex section Laxiflorae,,https://scholar.google.com/scholar?&q=Systematics+of+Carex+section+Laxiflorae,,Auto,,,,,,,
3615,Systematics of Vriesea (Bromeliaceae): phylogenetic relationships based on nuclear gene and partial plastome sequences,,https://scholar.google.com/scholar?&q=Systematics+of+Vriesea+%28Bromeliaceae%29%3A+phylogenetic+relationships+based+on+nuclear+gene+and+partial+plastome+sequences,,Auto,,,,,,,Auto
3616,Systematics of the genus Carex,,https://scholar.google.com/scholar?&q=Systematics+of+the+genus+Carex,,Auto,,,,,,,
3617,Systematics on Antirrhinum,,https://scholar.google.com/scholar?&q=Systematics+on+Antirrhinum,,Auto,,,,,,,
3620,THE EVOLUTIONARY GENOMICS OF SOUTH AMERICAN WEEDY RICE,,https://scholar.google.com/scholar?&q=THE+EVOLUTIONARY+GENOMICS+OF+SOUTH+AMERICAN+WEEDY+RICE,,Auto,,,,,,,
3624,Target capture of plastid genomes from the Corallorhiza striata complex Raw sequence reads,,https://scholar.google.com/scholar?&q=Target+capture+of+plastid+genomes+from+the+Corallorhiza+striata+complex+Raw+sequence+reads,,Auto,,,,,,,
3627,Target-capture based phylogenomics of Nepenthes using Angiosperm-353 bait kit,,https://scholar.google.com/scholar?&q=Target-capture+based+phylogenomics+of+Nepenthes+using+Angiosperm-353+bait+kit,,Auto,,,,,,,
3629,Targeted capture of hundreds of nuclear genes unravels phylogenetic relationships of the diverse Neotropical palm tribe Geonomateae,,https://scholar.google.com/scholar?&q=Targeted+capture+of+hundreds+of+nuclear+genes+unravels+phylogenetic+relationships+of+the+diverse+Neotropical+palm+tribe+Geonomateae,,Auto,,,,,,,Auto
3632,Targeted sequence capture for phylogenetics and population genomics in the Salicaceae,,https://scholar.google.com/scholar?&q=Targeted+sequence+capture+for+phylogenetics+and+population+genomics+in+the+Salicaceae,,Auto,,,,,,,
3639,Targeted sequencing of the C4 Cyperus Clade (Cyperaceae),,https://scholar.google.com/scholar?&q=Targeted+sequencing+of+the+C4+Cyperus+Clade+%28Cyperaceae%29,,Auto,,,,,,,
3641,Targeted sequencing supports morphology and embryo features in resolving the classification of Cyperaceae tribe Fuireneae s.l.,,https://scholar.google.com/scholar?&q=Targeted+sequencing+supports+morphology+and+embryo+features+in+resolving+the+classification+of+Cyperaceae+tribe+Fuireneae+s.l.,Auto,,,,,,Auto,,
3653,The Evolutionary Genomics of Grape (Vitis vinifera sp. vinifera) Domestication,,https://scholar.google.com/scholar?&q=The+Evolutionary+Genomics+of+Grape+%28Vitis+vinifera+sp.+vinifera%29+Domestication,,Auto,,,,,,,
3654,The Explosive Diversification of the African Daisy Lineages during the Eocene: A Phylogenomics Perspective (Asteroideae: Astereae),,https://scholar.google.com/scholar?&q=The+Explosive+Diversification+of+the+African+Daisy+Lineages+during+the+Eocene%3A+A+Phylogenomics+Perspective+%28Asteroideae%3A+Astereae%29,,Auto,,,,,,,
3657,The characterization and phylogenetic analysis of complete chloroplast genome in Morella cerifera (Myricaceae),,https://scholar.google.com/scholar?&q=The+characterization+and+phylogenetic+analysis+of+complete+chloroplast+genome+in+Morella+cerifera+%28Myricaceae%29,,Auto,,,,Auto,,,
3668,The evolution of CHROMOMETHYLTRANSFERASES and gene body DNA methylation in plants,,https://scholar.google.com/scholar?&q=The+evolution+of+CHROMOMETHYLTRANSFERASES+and+gene+body+DNA+methylation+in+plants,,Auto,,,,,,,
3669,The evolution of TF-regulatory network of core C4 metabolic pathway genes in the genus of Flaveria (Low CO2),,https://scholar.google.com/scholar?&q=The+evolution+of+TF-regulatory+network+of+core+C4+metabolic+pathway+genes+in+the+genus+of+Flaveria+%28Low+CO2%29,,Auto,,,,,,,
3670,The evolution of TF-regulatory network of core C4 metabolic pathway genes in the genus of Flaveria (high light),,https://scholar.google.com/scholar?&q=The+evolution+of+TF-regulatory+network+of+core+C4+metabolic+pathway+genes+in+the+genus+of+Flaveria+%28high+light%29,,Auto,,,,,,,
3671,The evolution of TF-regulatory network of core C4 metabolic pathway genes in the genus of Flaveria [ABA],,https://scholar.google.com/scholar?&q=The+evolution+of+TF-regulatory+network+of+core+C4+metabolic+pathway+genes+in+the+genus+of+Flaveria+%5BABA%5D,,Auto,,,,,,,
3674,The introduction history and phylogenetic relationships of Passiflora foetida sensu lato in Australia,,https://scholar.google.com/scholar?&q=The+introduction+history+and+phylogenetic+relationships+of+Passiflora+foetida+sensu+lato+in+Australia,,Auto,,,,,,,
3678,"The prevalence, evolution and chromatin signatures of plant regulatory elements",,https://scholar.google.com/scholar?&q=The+prevalence%2C+evolution+and+chromatin+signatures+of+plant+regulatory+elements,,Auto,,,,,,,
3691,Toxicodendron radicans,,https://scholar.google.com/scholar?&q=Toxicodendron+radicans,,,Auto,,,,,,
3692,Toxicodendron radicans (poison ivy) leaf and root transcriptome sequencing,,https://scholar.google.com/scholar?&q=Toxicodendron+radicans+%28poison+ivy%29+leaf+and+root+transcriptome+sequencing,,,Auto,,,,,,
3833,Trichophoreae (Cyperaceae) ddRAD phylogeny,,https://scholar.google.com/scholar?&q=Trichophoreae+%28Cyperaceae%29+ddRAD+phylogeny,,Auto,,,,,,,
3855,Using transcriptomes to explore the evolution of the highly diverse and globally distributed Caryophyllales,,https://scholar.google.com/scholar?&q=Using+transcriptomes+to+explore+the+evolution+of+the+highly+diverse+and+globally+distributed+Caryophyllales,,Auto,,,,,,,
3870,Viburnum lentago clade RADseq data,,https://scholar.google.com/scholar?&q=Viburnum+lentago+clade+RADseq+data,,Auto,,Auto,,,,,
3871,Viburnum nudum complex RADseq data,,https://scholar.google.com/scholar?&q=Viburnum+nudum+complex+RADseq+data,,Auto,,Auto,,,,,
3889,Viral metagenomics and phylogenetics within local beans varieties (Phaseolus vulgaris L.),,https://scholar.google.com/scholar?&q=Viral+metagenomics+and+phylogenetics+within+local+beans+varieties+%28Phaseolus+vulgaris+L.%29,,Auto,,,,,,,
3906,"We included 85 samples of species of Bursera (4 species) and Commiphora (81 samples), which are angiosperm taxa in the frankincense and myrrh family, Burseraceae (Sapindales). These taxa were selected for a comparative phylogenetics study to explore",,https://scholar.google.com/scholar?&q=We+included+85+samples+of+species+of+Bursera+%284+species%29+and+Commiphora+%2881+samples%29%2C+which+are+angiosperm+taxa+in+the+frankincense+and+myrrh+family%2C+Burseraceae+%28Sapindales%29.+These+taxa+were+selected+for+a+comparative+phylogenetics+study+to+explore,,Auto,,,,,,,
3923,Whole-Genome Duplication and Acceleration of Molecular Evolution are Associated with the Early Diversification of Cornus L. (Cornaceae): Insights from De Novo Assembled Transcriptome Sequences,,https://scholar.google.com/scholar?&q=Whole-Genome+Duplication+and+Acceleration+of+Molecular+Evolution+are+Associated+with+the+Early+Diversification+of+Cornus+L.+%28Cornaceae%29%3A+Insights+from+De+Novo+Assembled+Transcriptome+Sequences,,Auto,,,,,,,
3931,Widespread adaptive evolution during repeated evolutionary radiations in New World lupins,,https://scholar.google.com/scholar?&q=Widespread+adaptive+evolution+during+repeated+evolutionary+radiations+in+New+World+lupins,,Auto,,,,,,,
3992,double digest RAD data from Berberis spp. (Berberidacea) from high elevation mountains from Mexico,,https://scholar.google.com/scholar?&q=double+digest+RAD+data+from+Berberis+spp.+%28Berberidacea%29+from+high+elevation+mountains+from+Mexico,,,Auto,,,,,,
4011,phylogenetic study of Juglans,,https://scholar.google.com/scholar?&q=phylogenetic+study+of+Juglans,,Auto,,,,,,,
